type,km_driven
Gas,1250.808586762075
EV,1224.7308584686775
Hybrid,1202.081300813008
