type,cost
EV,593.8763636363636
Hybrid,577.4516666666667
Gas,539.64625
