brand,duration_days
Hyundai,234.7826086956522
Audi,225.83333333333334
BMW,216.0
VW,206.25
Tesla,205.86206896551724
