type,sum,mean
EV,527859,1224.7308584686775
Gas,699202,1250.808586762075
Hybrid,295712,1202.081300813008
